processing_id,expedition_id,target_species,processing_date,batch_number,sample_type,processing_method,input_biomass_g,processing_temperature,processing_duration_hours,yield_percentage,final_extract_volume_ml,protein_concentration,contamination_level,storage_conditions,quality_control_passed,processing_cost_usd,technician,equipment_used,safety_protocol,waste_disposal_method,processing_notes
EXP-0001-PROC-1,EXP-0001,Halichondria okadai,2023-07-14,1,Sponge Tissue,Homogenization and Extraction,177.5,-52.7,43.7,58.7,284.6,2.31,None,-80°C Ultra-low,True,2511.75,Maria Aguilar,Standard Processing Equipment,Standard Laboratory Safety,Chemical Waste,True avoid young cup position.
EXP-0001-PROC-2,EXP-0001,Halichondria okadai,2023-07-08,2,Sponge Tissue,Homogenization and Extraction,177.5,-22.6,19.5,83.1,64.3,8.51,None,Liquid Nitrogen,True,689.11,Anna Boone,Standard Processing Equipment,Standard Laboratory Safety,Chemical Waste,Business walk anything under item right.
EXP-0001-PROC-3,EXP-0001,Halichondria okadai,2023-07-16,3,Sponge Tissue,Homogenization and Extraction,177.5,-50.6,41.5,28.4,456.3,15.1,None,-20°C Freezer,False,4122.08,James Simmons MD,Standard Processing Equipment,Standard Laboratory Safety,Chemical Waste,Every land chance pass.
EXP-0001-PROC-4,EXP-0001,Halichondria okadai,2023-07-06,4,Sponge Tissue,Homogenization and Extraction,177.5,-3.7,16.0,71.4,147.9,17.47,None,4°C Refrigerated,False,1006.61,Maria Porter,Standard Processing Equipment,Standard Laboratory Safety,Chemical Waste,Look because him information poor something eat.
EXP-0002-PROC-1,EXP-0002,Bothrops jararaca,2024-04-26,1,Crude Venom,Lyophilization and Fractionation,1745.0,-69.9,13.1,6.0,239.7,6.1,None,Liquid Nitrogen,True,3192.61,Kimberly Smith MD,"Venom Lyophilizer, Safety Hood","Level 3 Containment, Antivenom Available",Chemical Waste,Look sit general not focus establish.
EXP-0002-PROC-2,EXP-0002,Bothrops jararaca,2024-05-17,2,Crude Venom,Lyophilization and Fractionation,1745.0,-2.0,4.2,77.2,427.6,13.39,None,Liquid Nitrogen,True,3169.5,Kyle Johnson,"Venom Lyophilizer, Safety Hood","Level 3 Containment, Antivenom Available",Incineration,Around yard morning short yourself.
EXP-0002-PROC-3,EXP-0002,Bothrops jararaca,2024-05-01,3,Crude Venom,Lyophilization and Fractionation,1745.0,-71.7,13.0,68.6,27.0,11.7,Low,Liquid Nitrogen,True,4979.47,Ariel Sandoval,"Venom Lyophilizer, Safety Hood","Level 3 Containment, Antivenom Available",Biohazard,Move social say shake way.
EXP-0002-PROC-4,EXP-0002,Bothrops jararaca,2024-05-15,4,Crude Venom,Lyophilization and Fractionation,1745.0,-73.3,40.2,52.9,66.3,1.97,Low,-80°C Ultra-low,True,4593.32,Vickie Price,"Venom Lyophilizer, Safety Hood","Level 3 Containment, Antivenom Available",Chemical Waste,Compare or south recently.
EXP-0003-PROC-1,EXP-0003,Bothrops jararaca,2025-07-16,1,Crude Venom,Lyophilization and Fractionation,1100.0,12.3,28.3,46.4,220.9,6.41,None,Liquid Nitrogen,True,2455.68,Alyssa Haynes,"Venom Lyophilizer, Safety Hood","Level 3 Containment, Antivenom Available",Biohazard,Nor none could write think man finally.
EXP-0004-PROC-1,EXP-0004,Conus geographus,2025-03-20,1,Venom Sac,Lyophilization and Fractionation,1547.5,13.7,22.4,53.6,319.3,11.87,None,-80°C Ultra-low,True,3661.85,Brandon Hall II,Standard Processing Equipment,Standard Laboratory Safety,Chemical Waste,Long forward pass southern future concern sort.
EXP-0004-PROC-2,EXP-0004,Conus geographus,2025-03-27,2,Venom Sac,Lyophilization and Fractionation,1547.5,-69.1,19.7,44.0,329.6,19.02,None,4°C Refrigerated,True,3202.93,Amy Hernandez,Standard Processing Equipment,Standard Laboratory Safety,Biohazard,Similar suffer team whether.
EXP-0004-PROC-3,EXP-0004,Conus geographus,2025-03-29,3,Venom Sac,Lyophilization and Fractionation,1547.5,-13.4,5.3,25.4,187.3,9.5,None,4°C Refrigerated,True,705.42,Tom Foster,Standard Processing Equipment,Standard Laboratory Safety,Chemical Waste,From follow wish run.
EXP-0004-PROC-4,EXP-0004,Conus geographus,2025-04-08,4,Venom Sac,Lyophilization and Fractionation,1547.5,22.0,17.2,43.6,106.1,12.25,None,Liquid Nitrogen,True,1763.07,Mark Freeman,Standard Processing Equipment,Standard Laboratory Safety,Chemical Waste,Company why really up skin development.
EXP-0005-PROC-1,EXP-0005,Salinispora tropica,2023-11-20,1,Bacterial Culture,Fermentation and Extraction,2220.0,-79.4,2.4,22.5,28.0,2.25,None,-80°C Ultra-low,True,2024.87,Casey Parker,Standard Processing Equipment,Standard Laboratory Safety,Chemical Waste,Camera rock we we hot.
EXP-0005-PROC-2,EXP-0005,Salinispora tropica,2023-11-12,2,Bacterial Culture,Fermentation and Extraction,2220.0,-26.2,15.5,79.5,204.5,1.83,Low,-80°C Ultra-low,True,3276.8,Traci Johnson DDS,Standard Processing Equipment,Standard Laboratory Safety,Chemical Waste,Determine not view cell seat draw word collection.
EXP-0005-PROC-3,EXP-0005,Salinispora tropica,2023-11-19,3,Bacterial Culture,Fermentation and Extraction,2220.0,-26.7,42.2,44.5,354.1,19.86,None,-80°C Ultra-low,True,1091.7,Ann Fletcher,Standard Processing Equipment,Standard Laboratory Safety,Incineration,Land enter economic attack either blue.
EXP-0005-PROC-4,EXP-0005,Salinispora tropica,2023-11-13,4,Bacterial Culture,Fermentation and Extraction,2220.0,-35.7,20.9,77.6,359.9,12.2,None,-80°C Ultra-low,True,1892.18,James Oconnor,Standard Processing Equipment,Standard Laboratory Safety,Biohazard,This manage her national.
EXP-0006-PROC-1,EXP-0006,Salinispora tropica,2025-10-07,1,Bacterial Culture,Fermentation and Extraction,3680.0,6.2,2.1,55.9,35.1,5.23,Low,-80°C Ultra-low,False,767.86,John Shields,Standard Processing Equipment,Standard Laboratory Safety,Incineration,Class available suffer far five.
EXP-0006-PROC-2,EXP-0006,Salinispora tropica,2025-09-15,2,Bacterial Culture,Fermentation and Extraction,3680.0,-68.0,19.7,41.5,190.8,2.51,None,-20°C Freezer,True,2385.27,Angela Jackson,Standard Processing Equipment,Standard Laboratory Safety,Biohazard,Claim avoid walk within full world.
EXP-0007-PROC-1,EXP-0007,Bugula neritina,2024-09-21,1,Colony Material,Homogenization and Extraction,667.5,-71.6,18.3,80.3,337.6,13.61,None,-80°C Ultra-low,True,2128.64,Michele Reynolds,Standard Processing Equipment,Standard Laboratory Safety,Incineration,Parent its approach former.
EXP-0007-PROC-2,EXP-0007,Bugula neritina,2024-09-06,2,Colony Material,Homogenization and Extraction,667.5,-13.2,44.0,54.0,438.1,14.51,None,Liquid Nitrogen,True,1042.51,Jennifer Spencer,Standard Processing Equipment,Standard Laboratory Safety,Incineration,Enter example down anyone occur style child.
EXP-0007-PROC-3,EXP-0007,Bugula neritina,2024-09-08,3,Colony Material,Homogenization and Extraction,667.5,-23.9,8.5,5.9,216.8,5.97,Low,4°C Refrigerated,True,2687.0,Jeffrey Phillips,Standard Processing Equipment,Standard Laboratory Safety,Biohazard,Outside current agent color factor bank such final.
EXP-0007-PROC-4,EXP-0007,Bugula neritina,2024-09-19,4,Colony Material,Homogenization and Extraction,667.5,-67.1,27.7,32.5,367.3,13.08,None,-80°C Ultra-low,True,4305.22,John Guerrero,Standard Processing Equipment,Standard Laboratory Safety,Biohazard,Politics hold he high.
EXP-0008-PROC-1,EXP-0008,Bothrops jararaca,2023-07-09,1,Crude Venom,Lyophilization and Fractionation,830.0,-9.3,14.7,29.5,396.6,8.98,None,-80°C Ultra-low,True,4092.71,Andrew Gonzales,"Venom Lyophilizer, Safety Hood","Level 3 Containment, Antivenom Available",Chemical Waste,Difficult environmental article sell property.
EXP-0008-PROC-2,EXP-0008,Bothrops jararaca,2023-07-24,2,Crude Venom,Lyophilization and Fractionation,830.0,16.2,21.8,30.5,295.3,7.49,Low,Liquid Nitrogen,True,3204.83,Gregg Weaver,"Venom Lyophilizer, Safety Hood","Level 3 Containment, Antivenom Available",Chemical Waste,Dinner article hit mission whole reach view of.
EXP-0008-PROC-3,EXP-0008,Bothrops jararaca,2023-07-28,3,Crude Venom,Lyophilization and Fractionation,830.0,-40.7,9.7,39.4,79.9,17.81,None,-20°C Freezer,True,2056.45,Edwin Foster,"Venom Lyophilizer, Safety Hood","Level 3 Containment, Antivenom Available",Biohazard,Maybe too song.
EXP-0009-PROC-1,EXP-0009,Halichondria okadai,2025-10-16,1,Sponge Tissue,Homogenization and Extraction,2760.0,-12.2,31.3,32.2,45.1,8.25,None,4°C Refrigerated,True,1900.48,Lisa Martinez,Standard Processing Equipment,Standard Laboratory Safety,Incineration,Common worker will speak call interest write.
EXP-0009-PROC-2,EXP-0009,Halichondria okadai,2025-11-01,2,Sponge Tissue,Homogenization and Extraction,2760.0,-41.7,12.0,84.0,232.5,13.8,None,-80°C Ultra-low,True,1132.49,Zachary Burton,Standard Processing Equipment,Standard Laboratory Safety,Incineration,Election treat trial attack hold however for everybody.
EXP-0010-PROC-1,EXP-0010,Bugula neritina,2023-11-06,1,Colony Material,Homogenization and Extraction,3310.0,-26.9,46.3,35.7,29.1,0.72,None,Liquid Nitrogen,True,2245.94,Shane Buchanan,Standard Processing Equipment,Standard Laboratory Safety,Incineration,Onto site both change note old who beyond.
EXP-0011-PROC-1,EXP-0011,Halichondria okadai,2023-09-11,1,Sponge Tissue,Homogenization and Extraction,2623.33,-0.6,23.1,28.1,451.0,2.41,None,4°C Refrigerated,True,4801.63,Richard Floyd,Standard Processing Equipment,Standard Laboratory Safety,Biohazard,They there enough pressure occur list common.
EXP-0011-PROC-2,EXP-0011,Halichondria okadai,2023-10-06,2,Sponge Tissue,Homogenization and Extraction,2623.33,-16.7,40.0,83.7,151.3,19.23,None,Liquid Nitrogen,True,2252.67,Luke Becker,Standard Processing Equipment,Standard Laboratory Safety,Chemical Waste,Although threat former down second TV.
EXP-0011-PROC-3,EXP-0011,Halichondria okadai,2023-09-12,3,Sponge Tissue,Homogenization and Extraction,2623.33,-23.2,9.1,49.3,275.4,15.26,None,Liquid Nitrogen,True,4251.42,Alicia Roth,Standard Processing Equipment,Standard Laboratory Safety,Chemical Waste,Financial successful teach range win.
EXP-0012-PROC-1,EXP-0012,Halichondria okadai,2024-01-09,1,Sponge Tissue,Homogenization and Extraction,1107.5,-52.8,11.0,9.6,177.8,5.48,None,-20°C Freezer,True,4848.88,Eric Manning,Standard Processing Equipment,Standard Laboratory Safety,Chemical Waste,Especially indicate population could deep station.
EXP-0012-PROC-2,EXP-0012,Halichondria okadai,2023-12-23,2,Sponge Tissue,Homogenization and Extraction,1107.5,-19.1,8.4,40.5,316.9,9.83,None,4°C Refrigerated,True,2308.0,Olivia Camacho,Standard Processing Equipment,Standard Laboratory Safety,Incineration,Middle city find medical.
EXP-0012-PROC-3,EXP-0012,Halichondria okadai,2024-01-12,3,Sponge Tissue,Homogenization and Extraction,1107.5,-14.5,28.2,54.7,108.6,7.96,High,Liquid Nitrogen,True,677.57,Samuel Suarez,Standard Processing Equipment,Standard Laboratory Safety,Chemical Waste,Community themselves customer.
EXP-0012-PROC-4,EXP-0012,Halichondria okadai,2023-12-31,4,Sponge Tissue,Homogenization and Extraction,1107.5,-56.1,46.3,77.8,363.9,10.71,None,4°C Refrigerated,True,4414.86,Andrew Williams,Standard Processing Equipment,Standard Laboratory Safety,Chemical Waste,Relate ever statement measure play buy.
EXP-0013-PROC-1,EXP-0013,Bugula neritina,2024-06-21,1,Colony Material,Homogenization and Extraction,3205.0,-66.9,38.5,27.1,439.8,18.89,None,-80°C Ultra-low,True,1169.58,Jaime Wheeler,Standard Processing Equipment,Standard Laboratory Safety,Chemical Waste,Whether listen necessary general.
EXP-0013-PROC-2,EXP-0013,Bugula neritina,2024-06-23,2,Colony Material,Homogenization and Extraction,3205.0,-29.2,41.7,52.1,193.9,5.79,None,Liquid Nitrogen,False,1414.5,Deanna Rivas,Standard Processing Equipment,Standard Laboratory Safety,Biohazard,Expect hit clear occur.
EXP-0014-PROC-1,EXP-0014,Phyllobates terribilis,2025-03-24,1,Skin Extract,Homogenization and Extraction,1307.5,-26.3,24.6,51.2,434.1,19.62,None,Liquid Nitrogen,True,2334.13,Shannon Holland,Standard Processing Equipment,"Level 3 Containment, Antivenom Available",Chemical Waste,Especially important after sister should.
EXP-0014-PROC-2,EXP-0014,Phyllobates terribilis,2025-03-06,2,Skin Extract,Homogenization and Extraction,1307.5,-19.8,46.0,21.0,63.5,17.09,Low,Liquid Nitrogen,True,2476.17,Thomas Holland,Standard Processing Equipment,"Level 3 Containment, Antivenom Available",Chemical Waste,Song difference part wall require remember every time.
EXP-0014-PROC-3,EXP-0014,Phyllobates terribilis,2025-03-11,3,Skin Extract,Homogenization and Extraction,1307.5,-73.4,42.6,40.9,260.1,12.57,Low,Liquid Nitrogen,True,4668.72,Judy Robinson,Standard Processing Equipment,"Level 3 Containment, Antivenom Available",Biohazard,Quality station however bill memory.
EXP-0014-PROC-4,EXP-0014,Phyllobates terribilis,2025-03-17,4,Skin Extract,Homogenization and Extraction,1307.5,-7.8,35.2,60.4,75.9,6.06,None,4°C Refrigerated,True,2114.22,Sarah Brooks,Standard Processing Equipment,"Level 3 Containment, Antivenom Available",Chemical Waste,Participant fear blue as write political technology end.
EXP-0015-PROC-1,EXP-0015,Phyllobates terribilis,2023-09-08,1,Skin Extract,Homogenization and Extraction,313.33,-57.9,46.0,5.7,498.9,13.57,Low,4°C Refrigerated,True,4228.11,Stephanie Evans,Standard Processing Equipment,"Level 3 Containment, Antivenom Available",Incineration,Military drive arm tax.
EXP-0015-PROC-2,EXP-0015,Phyllobates terribilis,2023-08-11,2,Skin Extract,Homogenization and Extraction,313.33,-2.5,40.4,64.2,80.0,15.09,None,-20°C Freezer,True,3960.15,Jennifer Flores,Standard Processing Equipment,"Level 3 Containment, Antivenom Available",Biohazard,Return pretty young else.
EXP-0015-PROC-3,EXP-0015,Phyllobates terribilis,2023-08-18,3,Skin Extract,Homogenization and Extraction,313.33,8.8,30.2,12.1,248.9,1.65,None,Liquid Nitrogen,True,2333.94,James Johnson,Standard Processing Equipment,"Level 3 Containment, Antivenom Available",Chemical Waste,Staff gas require rather point little wait.
EXP-0016-PROC-1,EXP-0016,Halichondria okadai,2025-05-11,1,Sponge Tissue,Homogenization and Extraction,3700.0,-43.4,7.1,69.7,474.4,1.54,None,Liquid Nitrogen,True,4798.02,Eric Jackson,Standard Processing Equipment,Standard Laboratory Safety,Incineration,Congress best campaign else space several consumer.
EXP-0016-PROC-2,EXP-0016,Halichondria okadai,2025-05-11,2,Sponge Tissue,Homogenization and Extraction,3700.0,-71.9,25.0,68.6,356.5,1.1,None,Liquid Nitrogen,True,828.06,Gabriela Davis,Standard Processing Equipment,Standard Laboratory Safety,Chemical Waste,Development the inside thought he one.
EXP-0017-PROC-1,EXP-0017,Conus geographus,2023-08-12,1,Venom Sac,Lyophilization and Fractionation,1930.0,-55.6,14.9,69.3,465.3,8.16,None,4°C Refrigerated,True,4577.5,Bruce Brown,Standard Processing Equipment,Standard Laboratory Safety,Biohazard,Oil per line create build quite morning including.
EXP-0018-PROC-1,EXP-0018,Phyllobates terribilis,2023-07-31,1,Skin Extract,Homogenization and Extraction,77.5,-56.3,31.5,83.3,305.7,7.22,None,-20°C Freezer,True,3415.18,Brittany Gay,Standard Processing Equipment,"Level 3 Containment, Antivenom Available",Chemical Waste,Important notice trade leader first resource.
EXP-0018-PROC-2,EXP-0018,Phyllobates terribilis,2023-07-30,2,Skin Extract,Homogenization and Extraction,77.5,-27.2,22.7,51.9,316.1,1.53,None,4°C Refrigerated,True,3571.78,Katherine Welch,Standard Processing Equipment,"Level 3 Containment, Antivenom Available",Chemical Waste,Finish around later decide.
EXP-0018-PROC-3,EXP-0018,Phyllobates terribilis,2023-07-26,3,Skin Extract,Homogenization and Extraction,77.5,6.4,39.0,49.2,264.9,2.94,None,4°C Refrigerated,True,3989.06,Laura Moore,Standard Processing Equipment,"Level 3 Containment, Antivenom Available",Chemical Waste,Can its investment investment.
EXP-0018-PROC-4,EXP-0018,Phyllobates terribilis,2023-08-01,4,Skin Extract,Homogenization and Extraction,77.5,-50.2,8.2,55.4,36.6,15.0,None,4°C Refrigerated,True,1929.14,Aaron Ferguson,Standard Processing Equipment,"Level 3 Containment, Antivenom Available",Chemical Waste,Wear throughout series most adult above.
EXP-0019-PROC-1,EXP-0019,Phyllobates terribilis,2025-07-21,1,Skin Extract,Homogenization and Extraction,970.0,-75.1,14.7,61.6,40.7,16.8,None,4°C Refrigerated,True,517.19,Courtney Wiley,Standard Processing Equipment,"Level 3 Containment, Antivenom Available",Chemical Waste,Can himself open cold statement.
EXP-0019-PROC-2,EXP-0019,Phyllobates terribilis,2025-07-20,2,Skin Extract,Homogenization and Extraction,970.0,-46.8,6.7,33.8,142.5,16.87,None,-80°C Ultra-low,True,1910.07,Earl Luna,Standard Processing Equipment,"Level 3 Containment, Antivenom Available",Incineration,Model its rather card you majority seek close.
EXP-0019-PROC-3,EXP-0019,Phyllobates terribilis,2025-07-19,3,Skin Extract,Homogenization and Extraction,970.0,-34.4,43.9,35.2,482.4,1.88,None,4°C Refrigerated,True,3591.59,Robin Smith,Standard Processing Equipment,"Level 3 Containment, Antivenom Available",Biohazard,Road capital safe operation college.
EXP-0019-PROC-4,EXP-0019,Phyllobates terribilis,2025-08-05,4,Skin Extract,Homogenization and Extraction,970.0,-13.6,34.4,5.3,91.8,14.29,None,-20°C Freezer,True,3498.73,Matthew Johnson,Standard Processing Equipment,"Level 3 Containment, Antivenom Available",Biohazard,Side perhaps order answer blue.
EXP-0020-PROC-1,EXP-0020,Halichondria okadai,2023-09-14,1,Sponge Tissue,Homogenization and Extraction,2675.0,19.8,34.3,28.8,61.6,15.66,High,Liquid Nitrogen,True,3398.67,Amber Wilson,Standard Processing Equipment,Standard Laboratory Safety,Chemical Waste,Herself natural listen check receive piece.
EXP-0020-PROC-2,EXP-0020,Halichondria okadai,2023-09-14,2,Sponge Tissue,Homogenization and Extraction,2675.0,20.5,25.0,39.6,234.3,4.26,None,4°C Refrigerated,True,2159.18,Matthew Bates,Standard Processing Equipment,Standard Laboratory Safety,Biohazard,Performance red industry together memory.
EXP-0021-PROC-1,EXP-0021,Conus geographus,2024-07-22,1,Venom Sac,Lyophilization and Fractionation,3030.0,0.6,21.2,70.8,426.7,4.32,None,-20°C Freezer,True,3458.09,Diane Glover,Standard Processing Equipment,Standard Laboratory Safety,Chemical Waste,Cup current enjoy mission cut region far.
EXP-0021-PROC-2,EXP-0021,Conus geographus,2024-07-18,2,Venom Sac,Lyophilization and Fractionation,3030.0,-57.3,33.2,53.6,154.7,2.82,None,4°C Refrigerated,True,3432.38,Jon Clark,Standard Processing Equipment,Standard Laboratory Safety,Biohazard,Former able public trade structure protect chance.
EXP-0022-PROC-1,EXP-0022,Phyllobates terribilis,2024-06-20,1,Skin Extract,Homogenization and Extraction,1725.0,-12.3,20.2,62.1,107.6,17.82,None,-80°C Ultra-low,True,1793.34,Jorge Cummings,Standard Processing Equipment,"Level 3 Containment, Antivenom Available",Biohazard,Toward popular lead with.
EXP-0022-PROC-2,EXP-0022,Phyllobates terribilis,2024-06-29,2,Skin Extract,Homogenization and Extraction,1725.0,-68.3,25.7,26.4,419.4,0.39,None,4°C Refrigerated,True,2205.92,Anthony Li,Standard Processing Equipment,"Level 3 Containment, Antivenom Available",Incineration,System growth quality.
EXP-0023-PROC-1,EXP-0023,Salinispora tropica,2023-07-27,1,Bacterial Culture,Fermentation and Extraction,3085.0,-66.9,21.0,44.4,208.1,10.67,None,Liquid Nitrogen,True,3178.09,Brian York,Standard Processing Equipment,Standard Laboratory Safety,Biohazard,Act catch positive.
EXP-0023-PROC-2,EXP-0023,Salinispora tropica,2023-08-03,2,Bacterial Culture,Fermentation and Extraction,3085.0,21.2,25.9,59.2,162.8,15.5,None,-80°C Ultra-low,True,3978.15,Steven Friedman,Standard Processing Equipment,Standard Laboratory Safety,Incineration,There behavior spring consumer husband.
EXP-0024-PROC-1,EXP-0024,Conus geographus,2026-02-21,1,Venom Sac,Lyophilization and Fractionation,2163.33,-66.8,2.8,66.6,405.5,2.49,None,Liquid Nitrogen,False,1695.12,Denise Cruz,Standard Processing Equipment,Standard Laboratory Safety,Chemical Waste,Son power someone both receive around wall.
EXP-0024-PROC-2,EXP-0024,Conus geographus,2026-02-16,2,Venom Sac,Lyophilization and Fractionation,2163.33,1.2,25.8,32.8,192.2,0.13,None,-20°C Freezer,True,1849.1,Jason Garza,Standard Processing Equipment,Standard Laboratory Safety,Biohazard,Question consider here grow agreement range stuff.
EXP-0024-PROC-3,EXP-0024,Conus geographus,2026-02-14,3,Venom Sac,Lyophilization and Fractionation,2163.33,8.9,3.1,76.9,393.8,15.63,None,Liquid Nitrogen,False,2560.98,Bianca Knapp,Standard Processing Equipment,Standard Laboratory Safety,Biohazard,Thought key as pressure.
EXP-0025-PROC-1,EXP-0025,Bothrops jararaca,2023-07-01,1,Crude Venom,Lyophilization and Fractionation,2600.0,-73.1,12.5,24.7,247.2,14.97,None,Liquid Nitrogen,True,2632.14,Sean Warren,"Venom Lyophilizer, Safety Hood","Level 3 Containment, Antivenom Available",Biohazard,Rich difference what their mind read peace.
EXP-0026-PROC-1,EXP-0026,Bugula neritina,2025-07-23,1,Colony Material,Homogenization and Extraction,6600.0,19.0,38.1,84.3,276.8,19.26,None,-20°C Freezer,False,840.22,Nicholas Olson,Standard Processing Equipment,Standard Laboratory Safety,Incineration,Chance step throughout party activity various.
EXP-0027-PROC-1,EXP-0027,Halichondria okadai,2024-02-14,1,Sponge Tissue,Homogenization and Extraction,576.67,-59.4,8.5,54.8,392.8,11.61,None,-20°C Freezer,True,1161.33,Julie Simpson,Standard Processing Equipment,Standard Laboratory Safety,Biohazard,Avoid man drive wife.
EXP-0027-PROC-2,EXP-0027,Halichondria okadai,2024-02-29,2,Sponge Tissue,Homogenization and Extraction,576.67,-39.2,33.0,25.8,179.1,18.36,Low,Liquid Nitrogen,True,1807.27,Daniel Schneider,Standard Processing Equipment,Standard Laboratory Safety,Incineration,Stage bad know of because material.
EXP-0027-PROC-3,EXP-0027,Halichondria okadai,2024-03-02,3,Sponge Tissue,Homogenization and Extraction,576.67,-5.7,4.9,16.8,13.8,12.66,None,-20°C Freezer,True,2514.53,William Mcgee,Standard Processing Equipment,Standard Laboratory Safety,Incineration,Bill include news.
EXP-0028-PROC-1,EXP-0028,Halichondria okadai,2024-02-19,1,Sponge Tissue,Homogenization and Extraction,2105.0,-24.4,13.1,45.0,343.0,1.62,None,Liquid Nitrogen,False,1736.17,Brandon Munoz,Standard Processing Equipment,Standard Laboratory Safety,Chemical Waste,Point three none pressure lay future stay staff.
EXP-0028-PROC-2,EXP-0028,Halichondria okadai,2024-03-03,2,Sponge Tissue,Homogenization and Extraction,2105.0,-22.6,21.9,8.5,91.2,8.97,Low,Liquid Nitrogen,True,1441.33,Evelyn Saunders,Standard Processing Equipment,Standard Laboratory Safety,Chemical Waste,List price respond box service develop game stop.
EXP-0028-PROC-3,EXP-0028,Halichondria okadai,2024-02-23,3,Sponge Tissue,Homogenization and Extraction,2105.0,23.0,38.5,73.3,128.6,19.22,None,-80°C Ultra-low,True,1386.17,Dorothy Boyd,Standard Processing Equipment,Standard Laboratory Safety,Incineration,Animal clearly cell response.
EXP-0028-PROC-4,EXP-0028,Halichondria okadai,2024-02-28,4,Sponge Tissue,Homogenization and Extraction,2105.0,-5.3,47.1,50.6,137.2,8.8,High,-80°C Ultra-low,False,3171.02,Ashley Carr,Standard Processing Equipment,Standard Laboratory Safety,Biohazard,Building system democratic station course.
EXP-0029-PROC-1,EXP-0029,Bugula neritina,2024-09-19,1,Colony Material,Homogenization and Extraction,2845.0,23.0,10.7,68.4,454.9,18.88,None,-80°C Ultra-low,True,4820.61,Peter Williams,Standard Processing Equipment,Standard Laboratory Safety,Biohazard,But through leader operation mean white above save.
EXP-0029-PROC-2,EXP-0029,Bugula neritina,2024-09-18,2,Colony Material,Homogenization and Extraction,2845.0,-0.5,9.4,43.2,362.0,5.02,None,-20°C Freezer,False,3382.77,Jessica Richards,Standard Processing Equipment,Standard Laboratory Safety,Incineration,Sit travel reality community spring billion price.
EXP-0030-PROC-1,EXP-0030,Bugula neritina,2024-10-23,1,Colony Material,Homogenization and Extraction,4670.0,-20.7,37.5,44.9,15.9,0.28,None,-80°C Ultra-low,True,2106.63,Erica Keith,Standard Processing Equipment,Standard Laboratory Safety,Chemical Waste,Woman trouble several event white wife.
EXP-0031-PROC-1,EXP-0031,Bothrops jararaca,2023-09-01,1,Crude Venom,Lyophilization and Fractionation,1017.5,-13.4,12.2,30.7,425.5,14.6,Low,Liquid Nitrogen,True,929.3,Casey Gutierrez,"Venom Lyophilizer, Safety Hood","Level 3 Containment, Antivenom Available",Chemical Waste,Federal reduce team Republican very plan cut.
EXP-0031-PROC-2,EXP-0031,Bothrops jararaca,2023-08-11,2,Crude Venom,Lyophilization and Fractionation,1017.5,-29.5,32.5,14.5,151.6,8.02,None,-20°C Freezer,True,4637.89,Donna Reed,"Venom Lyophilizer, Safety Hood","Level 3 Containment, Antivenom Available",Chemical Waste,Wonder practice when mean.
EXP-0031-PROC-3,EXP-0031,Bothrops jararaca,2023-09-01,3,Crude Venom,Lyophilization and Fractionation,1017.5,-0.1,19.1,36.4,379.6,18.38,High,4°C Refrigerated,True,4779.18,Erica Wilson,"Venom Lyophilizer, Safety Hood","Level 3 Containment, Antivenom Available",Incineration,No old wall report purpose throw.
EXP-0031-PROC-4,EXP-0031,Bothrops jararaca,2023-09-06,4,Crude Venom,Lyophilization and Fractionation,1017.5,2.7,13.5,50.1,185.7,13.17,None,Liquid Nitrogen,True,1581.8,Sherry Henderson,"Venom Lyophilizer, Safety Hood","Level 3 Containment, Antivenom Available",Biohazard,Mission agent certainly.
EXP-0032-PROC-1,EXP-0032,Bothrops jararaca,2025-05-04,1,Crude Venom,Lyophilization and Fractionation,980.0,-69.3,25.3,22.7,29.1,0.82,None,4°C Refrigerated,False,1288.5,Christina Christensen,"Venom Lyophilizer, Safety Hood","Level 3 Containment, Antivenom Available",Incineration,Worker raise chair artist.
EXP-0032-PROC-2,EXP-0032,Bothrops jararaca,2025-04-23,2,Crude Venom,Lyophilization and Fractionation,980.0,19.8,28.8,39.9,294.2,10.38,Low,-20°C Freezer,True,3914.49,Christina Weaver,"Venom Lyophilizer, Safety Hood","Level 3 Containment, Antivenom Available",Chemical Waste,Sport bill test science ten score.
EXP-0033-PROC-1,EXP-0033,Halichondria okadai,2023-04-23,1,Sponge Tissue,Homogenization and Extraction,450.0,13.9,45.5,76.4,215.5,15.63,None,-20°C Freezer,True,2643.51,Cynthia Mueller,Standard Processing Equipment,Standard Laboratory Safety,Incineration,Realize another high indicate small.
EXP-0034-PROC-1,EXP-0034,Conus geographus,2023-06-22,1,Venom Sac,Lyophilization and Fractionation,785.0,-17.9,10.6,31.5,429.0,4.22,None,4°C Refrigerated,True,820.21,Tracy Brown,Standard Processing Equipment,Standard Laboratory Safety,Biohazard,Data than team kitchen difficult.
EXP-0034-PROC-2,EXP-0034,Conus geographus,2023-05-26,2,Venom Sac,Lyophilization and Fractionation,785.0,-26.8,20.8,69.9,419.6,6.71,None,-80°C Ultra-low,False,3621.28,Michelle Richardson,Standard Processing Equipment,Standard Laboratory Safety,Biohazard,National owner simply who family concern radio cost.
EXP-0035-PROC-1,EXP-0035,Conus geographus,2024-10-07,1,Venom Sac,Lyophilization and Fractionation,2416.67,-64.1,42.3,48.1,148.4,8.56,None,4°C Refrigerated,True,669.07,Jose Bennett,Standard Processing Equipment,Standard Laboratory Safety,Chemical Waste,Evidence enough claim suffer accept letter.
EXP-0035-PROC-2,EXP-0035,Conus geographus,2024-09-21,2,Venom Sac,Lyophilization and Fractionation,2416.67,-80.0,21.2,46.8,36.8,19.46,None,Liquid Nitrogen,True,1517.56,Amanda Mcfarland,Standard Processing Equipment,Standard Laboratory Safety,Incineration,Anything usually past product make of group six.
EXP-0035-PROC-3,EXP-0035,Conus geographus,2024-09-27,3,Venom Sac,Lyophilization and Fractionation,2416.67,-55.8,2.1,63.3,483.8,4.56,None,Liquid Nitrogen,True,3483.71,Daniel White,Standard Processing Equipment,Standard Laboratory Safety,Chemical Waste,Skill city myself idea.
EXP-0036-PROC-1,EXP-0036,Salinispora tropica,2024-11-10,1,Bacterial Culture,Fermentation and Extraction,32.5,-35.6,15.9,31.0,359.2,16.35,None,-80°C Ultra-low,True,1317.26,Stephen Alvarado,Standard Processing Equipment,Standard Laboratory Safety,Incineration,Guess despite sell most you statement.
EXP-0036-PROC-2,EXP-0036,Salinispora tropica,2024-10-28,2,Bacterial Culture,Fermentation and Extraction,32.5,4.7,47.3,65.3,202.7,11.85,None,Liquid Nitrogen,False,3474.56,Mrs. Maureen Griffin,Standard Processing Equipment,Standard Laboratory Safety,Incineration,Truth during always those high someone box either.
EXP-0036-PROC-3,EXP-0036,Salinispora tropica,2024-11-06,3,Bacterial Culture,Fermentation and Extraction,32.5,-5.5,9.7,67.5,296.0,19.05,None,4°C Refrigerated,True,690.9,Allison Black,Standard Processing Equipment,Standard Laboratory Safety,Biohazard,Method meet main fast prepare fly.
EXP-0036-PROC-4,EXP-0036,Salinispora tropica,2024-10-29,4,Bacterial Culture,Fermentation and Extraction,32.5,-48.9,34.9,65.7,60.2,10.33,None,-20°C Freezer,True,2790.01,Brendan Bonilla,Standard Processing Equipment,Standard Laboratory Safety,Incineration,Mouth phone decision picture defense rate structure.
EXP-0037-PROC-1,EXP-0037,Salinispora tropica,2024-10-23,1,Bacterial Culture,Fermentation and Extraction,4860.0,6.9,34.1,62.1,236.2,18.43,None,4°C Refrigerated,False,3625.68,Ronald Johns,Standard Processing Equipment,Standard Laboratory Safety,Incineration,Position vote section child learn forward.
EXP-0038-PROC-1,EXP-0038,Salinispora tropica,2024-06-13,1,Bacterial Culture,Fermentation and Extraction,6070.0,-51.2,39.1,20.6,179.2,6.78,None,-20°C Freezer,True,4903.36,Anthony Bauer,Standard Processing Equipment,Standard Laboratory Safety,Chemical Waste,Audience start treat imagine later identify first.
EXP-0039-PROC-1,EXP-0039,Conus geographus,2023-06-28,1,Venom Sac,Lyophilization and Fractionation,215.0,-3.7,27.9,80.8,253.2,7.67,Low,4°C Refrigerated,True,1233.66,Bryan Smith,Standard Processing Equipment,Standard Laboratory Safety,Biohazard,As second animal summer group me face rate.
EXP-0039-PROC-2,EXP-0039,Conus geographus,2023-06-17,2,Venom Sac,Lyophilization and Fractionation,215.0,-39.6,3.2,72.1,15.6,14.1,None,Liquid Nitrogen,True,4866.16,Diane Mcintosh,Standard Processing Equipment,Standard Laboratory Safety,Incineration,House produce listen mouth carry hospital.
EXP-0039-PROC-3,EXP-0039,Conus geographus,2023-06-25,3,Venom Sac,Lyophilization and Fractionation,215.0,-6.0,39.6,48.7,483.8,1.13,None,Liquid Nitrogen,True,2771.58,Kimberly Choi,Standard Processing Equipment,Standard Laboratory Safety,Biohazard,Fear thought whole term.
EXP-0039-PROC-4,EXP-0039,Conus geographus,2023-06-14,4,Venom Sac,Lyophilization and Fractionation,215.0,-61.2,38.8,49.2,204.3,2.72,None,4°C Refrigerated,True,4393.83,Tina Smith,Standard Processing Equipment,Standard Laboratory Safety,Chemical Waste,Center among of hour natural be decide.
EXP-0040-PROC-1,EXP-0040,Phyllobates terribilis,2023-05-31,1,Skin Extract,Homogenization and Extraction,1740.0,-49.5,42.1,58.8,400.4,5.08,None,-80°C Ultra-low,True,3311.93,Molly Lewis,Standard Processing Equipment,"Level 3 Containment, Antivenom Available",Biohazard,Central contain pattern education boy provide note.
EXP-0040-PROC-2,EXP-0040,Phyllobates terribilis,2023-05-31,2,Skin Extract,Homogenization and Extraction,1740.0,15.1,2.6,58.9,35.4,11.02,None,Liquid Nitrogen,True,1794.35,Paul Branch,Standard Processing Equipment,"Level 3 Containment, Antivenom Available",Incineration,Leave near fact attack better rise maintain.
EXP-0040-PROC-3,EXP-0040,Phyllobates terribilis,2023-06-05,3,Skin Extract,Homogenization and Extraction,1740.0,-14.8,17.4,63.6,208.2,1.46,None,4°C Refrigerated,True,4026.92,Carl Rios,Standard Processing Equipment,"Level 3 Containment, Antivenom Available",Incineration,Expect attorney cover magazine.
EXP-0041-PROC-1,EXP-0041,Halichondria okadai,2025-02-09,1,Sponge Tissue,Homogenization and Extraction,570.0,-8.0,17.3,9.5,193.2,18.89,None,-80°C Ultra-low,True,3387.8,Matthew Steele,Standard Processing Equipment,Standard Laboratory Safety,Chemical Waste,Not hair first into.
EXP-0041-PROC-2,EXP-0041,Halichondria okadai,2025-01-16,2,Sponge Tissue,Homogenization and Extraction,570.0,-59.1,21.2,65.1,59.7,5.63,None,4°C Refrigerated,True,1743.44,David Walker,Standard Processing Equipment,Standard Laboratory Safety,Chemical Waste,Everybody growth quickly former lose knowledge.
EXP-0041-PROC-3,EXP-0041,Halichondria okadai,2025-01-24,3,Sponge Tissue,Homogenization and Extraction,570.0,-72.9,25.9,19.3,485.6,2.35,None,-80°C Ultra-low,False,2316.2,Katelyn Rodriguez,Standard Processing Equipment,Standard Laboratory Safety,Chemical Waste,Bank exactly step through cultural safe phone road.
EXP-0041-PROC-4,EXP-0041,Halichondria okadai,2025-02-10,4,Sponge Tissue,Homogenization and Extraction,570.0,-35.6,17.9,36.8,139.5,4.19,None,-80°C Ultra-low,True,2673.68,Sarah Welch,Standard Processing Equipment,Standard Laboratory Safety,Incineration,Often shoulder defense already end thus music president.
EXP-0042-PROC-1,EXP-0042,Salinispora tropica,2023-08-09,1,Bacterial Culture,Fermentation and Extraction,1067.5,-11.0,46.6,53.3,47.7,1.6,None,-80°C Ultra-low,True,4781.4,James Vance,Standard Processing Equipment,Standard Laboratory Safety,Biohazard,Run fact let member however maybe production summer.
EXP-0042-PROC-2,EXP-0042,Salinispora tropica,2023-08-12,2,Bacterial Culture,Fermentation and Extraction,1067.5,-17.1,30.7,56.9,141.0,0.4,None,4°C Refrigerated,True,4842.57,Lisa Martin,Standard Processing Equipment,Standard Laboratory Safety,Incineration,Cell city not not the certainly rule.
EXP-0042-PROC-3,EXP-0042,Salinispora tropica,2023-08-20,3,Bacterial Culture,Fermentation and Extraction,1067.5,-5.8,30.1,30.0,142.8,11.99,None,Liquid Nitrogen,True,4397.43,Amanda Juarez,Standard Processing Equipment,Standard Laboratory Safety,Incineration,As hard amount deal traditional.
EXP-0042-PROC-4,EXP-0042,Salinispora tropica,2023-08-10,4,Bacterial Culture,Fermentation and Extraction,1067.5,-63.7,45.5,63.9,442.7,4.13,Low,-80°C Ultra-low,True,3144.14,John Gibson,Standard Processing Equipment,Standard Laboratory Safety,Biohazard,Always possible billion.
EXP-0043-PROC-1,EXP-0043,Halichondria okadai,2026-02-12,1,Sponge Tissue,Homogenization and Extraction,1300.0,-37.1,2.7,51.6,134.0,9.06,None,-20°C Freezer,True,4809.11,Madeline Hill,Standard Processing Equipment,Standard Laboratory Safety,Chemical Waste,Official now heavy her onto.
EXP-0043-PROC-2,EXP-0043,Halichondria okadai,2026-02-09,2,Sponge Tissue,Homogenization and Extraction,1300.0,-60.2,32.9,83.2,59.9,0.27,None,Liquid Nitrogen,True,2451.12,Angela King,Standard Processing Equipment,Standard Laboratory Safety,Biohazard,Might good test main lot.
EXP-0043-PROC-3,EXP-0043,Halichondria okadai,2026-01-26,3,Sponge Tissue,Homogenization and Extraction,1300.0,16.0,22.0,25.7,222.9,14.5,None,-20°C Freezer,True,540.74,Kathryn Taylor,Standard Processing Equipment,Standard Laboratory Safety,Incineration,Discover method exactly change.
EXP-0044-PROC-1,EXP-0044,Halichondria okadai,2023-09-26,1,Sponge Tissue,Homogenization and Extraction,180.0,-13.0,13.1,62.1,54.8,4.07,None,-80°C Ultra-low,True,4448.62,Lance Montoya,Standard Processing Equipment,Standard Laboratory Safety,Incineration,Increase form box push look.
EXP-0044-PROC-2,EXP-0044,Halichondria okadai,2023-09-30,2,Sponge Tissue,Homogenization and Extraction,180.0,-53.9,11.9,26.7,131.3,1.34,None,-80°C Ultra-low,True,2565.23,Maria Jenkins,Standard Processing Equipment,Standard Laboratory Safety,Biohazard,Amount of claim picture always.
EXP-0045-PROC-1,EXP-0045,Conus geographus,2025-11-28,1,Venom Sac,Lyophilization and Fractionation,9410.0,-9.3,5.7,81.1,420.9,16.12,None,-80°C Ultra-low,True,4203.43,Amy Scott,Standard Processing Equipment,Standard Laboratory Safety,Incineration,Might if wide point.
EXP-0046-PROC-1,EXP-0046,Conus geographus,2024-01-26,1,Venom Sac,Lyophilization and Fractionation,4025.0,-59.0,30.4,64.4,371.6,10.48,Low,4°C Refrigerated,True,808.06,Monica Nicholson,Standard Processing Equipment,Standard Laboratory Safety,Incineration,Describe paper likely loss.
EXP-0046-PROC-2,EXP-0046,Conus geographus,2024-02-02,2,Venom Sac,Lyophilization and Fractionation,4025.0,-18.6,26.8,26.5,190.5,17.92,None,4°C Refrigerated,False,3499.08,Jason Thomas,Standard Processing Equipment,Standard Laboratory Safety,Chemical Waste,Star consider process enough right garden law opportunity.
EXP-0047-PROC-1,EXP-0047,Bugula neritina,2023-06-26,1,Colony Material,Homogenization and Extraction,1252.5,-13.8,13.4,61.4,219.5,8.91,None,-20°C Freezer,True,3421.95,James Rodriguez,Standard Processing Equipment,Standard Laboratory Safety,Chemical Waste,Mission training range step painting.
EXP-0047-PROC-2,EXP-0047,Bugula neritina,2023-06-28,2,Colony Material,Homogenization and Extraction,1252.5,6.6,15.4,40.5,20.7,6.09,Low,-20°C Freezer,True,2761.84,Steven Greene,Standard Processing Equipment,Standard Laboratory Safety,Chemical Waste,Me brother lot candidate owner still to.
EXP-0047-PROC-3,EXP-0047,Bugula neritina,2023-06-17,3,Colony Material,Homogenization and Extraction,1252.5,17.3,6.8,66.2,210.7,13.14,None,-20°C Freezer,True,1671.06,Marie Boyd,Standard Processing Equipment,Standard Laboratory Safety,Biohazard,Themselves recently investment voice lot shoulder.
EXP-0047-PROC-4,EXP-0047,Bugula neritina,2023-06-19,4,Colony Material,Homogenization and Extraction,1252.5,-72.6,10.5,58.1,442.0,16.3,None,Liquid Nitrogen,True,3583.1,Robert Velez,Standard Processing Equipment,Standard Laboratory Safety,Chemical Waste,Best care local discussion teacher exist theory.
EXP-0048-PROC-1,EXP-0048,Halichondria okadai,2024-12-25,1,Sponge Tissue,Homogenization and Extraction,480.0,-47.5,13.5,46.2,272.4,7.2,None,-80°C Ultra-low,True,2092.05,Colin Fletcher,Standard Processing Equipment,Standard Laboratory Safety,Chemical Waste,Official brother according.
EXP-0048-PROC-2,EXP-0048,Halichondria okadai,2024-12-22,2,Sponge Tissue,Homogenization and Extraction,480.0,-47.7,44.0,81.2,170.1,7.15,Low,4°C Refrigerated,True,2775.35,Melissa Stewart,Standard Processing Equipment,Standard Laboratory Safety,Incineration,Blood international one end movie north.
EXP-0048-PROC-3,EXP-0048,Halichondria okadai,2024-12-17,3,Sponge Tissue,Homogenization and Extraction,480.0,-69.2,20.1,49.3,256.5,3.96,Low,Liquid Nitrogen,True,4364.68,Wendy Sanders,Standard Processing Equipment,Standard Laboratory Safety,Biohazard,Including six lot have never.
EXP-0049-PROC-1,EXP-0049,Conus geographus,2024-12-24,1,Venom Sac,Lyophilization and Fractionation,722.5,10.2,36.4,40.1,309.2,3.29,None,Liquid Nitrogen,True,3531.4,Eric Cooper,Standard Processing Equipment,Standard Laboratory Safety,Chemical Waste,Save talk process security land record.
EXP-0049-PROC-2,EXP-0049,Conus geographus,2024-12-17,2,Venom Sac,Lyophilization and Fractionation,722.5,-55.9,7.4,18.2,11.0,14.4,None,Liquid Nitrogen,True,3795.8,Daniel Morales,Standard Processing Equipment,Standard Laboratory Safety,Chemical Waste,Song pass range appear home player.
EXP-0049-PROC-3,EXP-0049,Conus geographus,2025-01-05,3,Venom Sac,Lyophilization and Fractionation,722.5,-71.2,2.9,18.3,446.5,4.91,None,4°C Refrigerated,True,2094.22,Samantha Ruiz,Standard Processing Equipment,Standard Laboratory Safety,Biohazard,Itself ask develop bag also his worker pass.
EXP-0049-PROC-4,EXP-0049,Conus geographus,2024-12-29,4,Venom Sac,Lyophilization and Fractionation,722.5,-25.5,30.0,24.6,38.3,7.88,None,-20°C Freezer,True,1553.92,Michelle Harper,Standard Processing Equipment,Standard Laboratory Safety,Incineration,Policy keep cut prevent.
EXP-0050-PROC-1,EXP-0050,Conus geographus,2023-05-13,1,Venom Sac,Lyophilization and Fractionation,1905.0,-15.3,27.6,38.3,220.2,10.86,None,Liquid Nitrogen,False,3633.93,Donna Johnson,Standard Processing Equipment,Standard Laboratory Safety,Biohazard,Member recognize past purpose growth pretty wish beautiful.
EXP-0050-PROC-2,EXP-0050,Conus geographus,2023-05-16,2,Venom Sac,Lyophilization and Fractionation,1905.0,-27.5,21.0,74.6,319.4,10.7,None,Liquid Nitrogen,True,1019.28,James Caldwell,Standard Processing Equipment,Standard Laboratory Safety,Incineration,Only military say attention bed expect.
EXP-0050-PROC-3,EXP-0050,Conus geographus,2023-06-04,3,Venom Sac,Lyophilization and Fractionation,1905.0,-44.6,8.6,60.4,111.1,7.9,None,Liquid Nitrogen,True,4530.54,Suzanne Bailey,Standard Processing Equipment,Standard Laboratory Safety,Chemical Waste,Difficult white lawyer identify above.
EXP-0050-PROC-4,EXP-0050,Conus geographus,2023-05-27,4,Venom Sac,Lyophilization and Fractionation,1905.0,-36.0,2.8,68.4,43.8,9.54,None,-20°C Freezer,True,3023.05,Jonathan Hansen,Standard Processing Equipment,Standard Laboratory Safety,Chemical Waste,Family water sort what then spend offer.
EXP-0051-PROC-1,EXP-0051,Halichondria okadai,2024-05-15,1,Sponge Tissue,Homogenization and Extraction,720.0,-53.4,2.5,62.9,272.5,16.74,None,4°C Refrigerated,True,4196.25,Tracy Hart,Standard Processing Equipment,Standard Laboratory Safety,Biohazard,Serious which learn leave only.
EXP-0052-PROC-1,EXP-0052,Bothrops jararaca,2024-11-16,1,Crude Venom,Lyophilization and Fractionation,2252.5,-45.0,38.4,41.1,99.9,17.11,Low,Liquid Nitrogen,True,4471.52,Brian Jones,"Venom Lyophilizer, Safety Hood","Level 3 Containment, Antivenom Available",Biohazard,Quality discover firm western might.
EXP-0052-PROC-2,EXP-0052,Bothrops jararaca,2024-12-06,2,Crude Venom,Lyophilization and Fractionation,2252.5,-39.3,39.0,77.1,109.7,1.43,None,-20°C Freezer,True,4448.08,Ronnie Wright,"Venom Lyophilizer, Safety Hood","Level 3 Containment, Antivenom Available",Chemical Waste,Human see garden never.
EXP-0052-PROC-3,EXP-0052,Bothrops jararaca,2024-12-10,3,Crude Venom,Lyophilization and Fractionation,2252.5,21.6,5.1,56.9,46.3,7.57,None,-20°C Freezer,True,4117.17,Erik Robinson,"Venom Lyophilizer, Safety Hood","Level 3 Containment, Antivenom Available",Biohazard,Especially water raise travel material current save.
EXP-0052-PROC-4,EXP-0052,Bothrops jararaca,2024-11-28,4,Crude Venom,Lyophilization and Fractionation,2252.5,-21.3,16.8,22.6,181.8,7.51,None,4°C Refrigerated,False,809.21,Christine Harris,"Venom Lyophilizer, Safety Hood","Level 3 Containment, Antivenom Available",Chemical Waste,Student green single build bad.
EXP-0053-PROC-1,EXP-0053,Halichondria okadai,2024-03-25,1,Sponge Tissue,Homogenization and Extraction,155.0,-4.1,32.2,61.7,14.1,4.43,None,-80°C Ultra-low,True,3477.58,Katherine Smith,Standard Processing Equipment,Standard Laboratory Safety,Chemical Waste,When summer he firm together thing off.
EXP-0053-PROC-2,EXP-0053,Halichondria okadai,2024-04-01,2,Sponge Tissue,Homogenization and Extraction,155.0,4.5,37.5,48.9,42.6,15.35,None,Liquid Nitrogen,True,3126.71,Clayton Duran,Standard Processing Equipment,Standard Laboratory Safety,Chemical Waste,Exactly develop office approach son long must.
EXP-0053-PROC-3,EXP-0053,Halichondria okadai,2024-03-25,3,Sponge Tissue,Homogenization and Extraction,155.0,4.3,25.8,16.2,338.9,12.45,None,Liquid Nitrogen,True,3840.14,Jennifer Parks,Standard Processing Equipment,Standard Laboratory Safety,Incineration,Lead build million firm.
EXP-0053-PROC-4,EXP-0053,Halichondria okadai,2024-03-06,4,Sponge Tissue,Homogenization and Extraction,155.0,13.5,36.5,77.7,381.8,11.98,None,-80°C Ultra-low,True,3443.6,Michael Gray,Standard Processing Equipment,Standard Laboratory Safety,Biohazard,Foot party employee nature.
EXP-0054-PROC-1,EXP-0054,Halichondria okadai,2023-06-19,1,Sponge Tissue,Homogenization and Extraction,2193.33,-13.6,9.2,42.9,361.0,5.49,Low,-80°C Ultra-low,True,1410.14,John Austin,Standard Processing Equipment,Standard Laboratory Safety,Chemical Waste,Contain interest industry sell half hundred.
EXP-0054-PROC-2,EXP-0054,Halichondria okadai,2023-06-15,2,Sponge Tissue,Homogenization and Extraction,2193.33,-57.4,21.5,77.6,258.5,3.84,None,-80°C Ultra-low,True,846.37,Kenneth Krause,Standard Processing Equipment,Standard Laboratory Safety,Chemical Waste,Sport result sound new task.
EXP-0054-PROC-3,EXP-0054,Halichondria okadai,2023-06-17,3,Sponge Tissue,Homogenization and Extraction,2193.33,6.3,32.3,68.7,143.3,13.88,None,4°C Refrigerated,True,1688.28,Robert Rodgers,Standard Processing Equipment,Standard Laboratory Safety,Biohazard,South computer matter yet support military result.
EXP-0055-PROC-1,EXP-0055,Bugula neritina,2023-10-11,1,Colony Material,Homogenization and Extraction,3560.0,-45.9,14.4,20.3,350.4,4.45,Low,-80°C Ultra-low,True,3178.86,Elizabeth Hart,Standard Processing Equipment,Standard Laboratory Safety,Chemical Waste,Answer between clear democratic effect stuff benefit.
EXP-0056-PROC-1,EXP-0056,Bothrops jararaca,2023-06-13,1,Crude Venom,Lyophilization and Fractionation,1886.67,5.6,37.8,65.9,102.0,1.86,None,Liquid Nitrogen,True,3645.27,Debbie Ward,"Venom Lyophilizer, Safety Hood","Level 3 Containment, Antivenom Available",Biohazard,Use election after building test white current.
EXP-0056-PROC-2,EXP-0056,Bothrops jararaca,2023-06-09,2,Crude Venom,Lyophilization and Fractionation,1886.67,-76.7,13.9,7.7,440.8,4.94,None,Liquid Nitrogen,True,3008.02,Mariah Thompson,"Venom Lyophilizer, Safety Hood","Level 3 Containment, Antivenom Available",Incineration,Great pull maintain say threat.
EXP-0056-PROC-3,EXP-0056,Bothrops jararaca,2023-06-23,3,Crude Venom,Lyophilization and Fractionation,1886.67,-46.1,43.3,76.0,169.4,18.03,None,-20°C Freezer,True,4982.71,Dustin Welch,"Venom Lyophilizer, Safety Hood","Level 3 Containment, Antivenom Available",Biohazard,Than political up instead.
EXP-0057-PROC-1,EXP-0057,Salinispora tropica,2024-03-13,1,Bacterial Culture,Fermentation and Extraction,3555.0,-53.9,28.5,10.4,56.5,19.98,Low,Liquid Nitrogen,True,1969.88,Jennifer Meadows,Standard Processing Equipment,Standard Laboratory Safety,Incineration,Class direction first fact.
EXP-0057-PROC-2,EXP-0057,Salinispora tropica,2024-04-01,2,Bacterial Culture,Fermentation and Extraction,3555.0,10.1,47.9,24.3,29.8,8.28,None,-20°C Freezer,True,1085.36,Matthew Nelson,Standard Processing Equipment,Standard Laboratory Safety,Chemical Waste,Sit voice security minute late cold.
EXP-0058-PROC-1,EXP-0058,Bothrops jararaca,2024-12-02,1,Crude Venom,Lyophilization and Fractionation,4730.0,2.3,28.0,30.0,330.6,4.72,None,Liquid Nitrogen,True,564.72,Beth Young,"Venom Lyophilizer, Safety Hood","Level 3 Containment, Antivenom Available",Incineration,Wait red bag cold billion.
EXP-0058-PROC-2,EXP-0058,Bothrops jararaca,2024-12-03,2,Crude Venom,Lyophilization and Fractionation,4730.0,0.0,3.8,72.0,313.6,11.31,None,Liquid Nitrogen,True,3310.76,Shawn Kelley,"Venom Lyophilizer, Safety Hood","Level 3 Containment, Antivenom Available",Chemical Waste,Side model you.
EXP-0059-PROC-1,EXP-0059,Bothrops jararaca,2025-01-23,1,Crude Venom,Lyophilization and Fractionation,5500.0,-19.0,47.6,65.5,226.7,14.18,Low,Liquid Nitrogen,True,2251.54,Luke Miller,"Venom Lyophilizer, Safety Hood","Level 3 Containment, Antivenom Available",Chemical Waste,Finally easy exist phone capital stuff.
EXP-0060-PROC-1,EXP-0060,Phyllobates terribilis,2025-07-01,1,Skin Extract,Homogenization and Extraction,3940.0,17.5,44.7,32.4,268.6,4.31,None,Liquid Nitrogen,True,4980.34,Matthew Dalton,Standard Processing Equipment,"Level 3 Containment, Antivenom Available",Chemical Waste,Ten level that various nature career.
EXP-0060-PROC-2,EXP-0060,Phyllobates terribilis,2025-07-17,2,Skin Extract,Homogenization and Extraction,3940.0,4.5,34.9,52.5,36.1,9.15,High,4°C Refrigerated,True,3536.54,Kimberly Garza,Standard Processing Equipment,"Level 3 Containment, Antivenom Available",Incineration,Piece player nor model police finally girl.
EXP-0061-PROC-1,EXP-0061,Salinispora tropica,2023-12-21,1,Bacterial Culture,Fermentation and Extraction,1310.0,18.9,9.7,45.0,348.5,13.97,None,4°C Refrigerated,True,3418.88,Regina Ramos,Standard Processing Equipment,Standard Laboratory Safety,Chemical Waste,Include choose action model serve carry.
EXP-0061-PROC-2,EXP-0061,Salinispora tropica,2023-12-26,2,Bacterial Culture,Fermentation and Extraction,1310.0,-13.2,29.6,19.3,355.5,9.16,None,4°C Refrigerated,True,3504.92,Joseph Watts,Standard Processing Equipment,Standard Laboratory Safety,Biohazard,Water local across involve fall discuss account.
EXP-0061-PROC-3,EXP-0061,Salinispora tropica,2023-12-11,3,Bacterial Culture,Fermentation and Extraction,1310.0,-78.0,37.8,53.8,352.8,16.78,Low,Liquid Nitrogen,True,4112.65,Jason Castro,Standard Processing Equipment,Standard Laboratory Safety,Biohazard,Economic resource position stock determine bad.
EXP-0061-PROC-4,EXP-0061,Salinispora tropica,2023-12-06,4,Bacterial Culture,Fermentation and Extraction,1310.0,-28.7,20.5,17.3,290.6,5.61,High,Liquid Nitrogen,True,4645.88,Kellie Marsh,Standard Processing Equipment,Standard Laboratory Safety,Incineration,Space range expect sea speak include table consumer.
EXP-0062-PROC-1,EXP-0062,Phyllobates terribilis,2026-02-11,1,Skin Extract,Homogenization and Extraction,1523.33,-42.7,4.4,7.5,217.4,1.78,None,4°C Refrigerated,True,3230.81,Mark Williamson,Standard Processing Equipment,"Level 3 Containment, Antivenom Available",Incineration,Red man fly charge wide.
EXP-0062-PROC-2,EXP-0062,Phyllobates terribilis,2026-02-02,2,Skin Extract,Homogenization and Extraction,1523.33,-10.8,11.7,74.0,444.2,4.01,Low,-80°C Ultra-low,True,3818.42,William Campbell,Standard Processing Equipment,"Level 3 Containment, Antivenom Available",Incineration,Resource road do character.
EXP-0062-PROC-3,EXP-0062,Phyllobates terribilis,2026-02-05,3,Skin Extract,Homogenization and Extraction,1523.33,24.7,3.4,76.8,315.1,19.47,None,4°C Refrigerated,True,2592.54,Glenn Collins DDS,Standard Processing Equipment,"Level 3 Containment, Antivenom Available",Biohazard,Less social form such weight argue.
EXP-0063-PROC-1,EXP-0063,Phyllobates terribilis,2025-06-22,1,Skin Extract,Homogenization and Extraction,9100.0,-44.8,5.1,83.0,410.3,17.07,Low,Liquid Nitrogen,True,4720.84,Andrea Harrison,Standard Processing Equipment,"Level 3 Containment, Antivenom Available",Chemical Waste,Time economic high actually window.
EXP-0064-PROC-1,EXP-0064,Salinispora tropica,2024-09-27,1,Bacterial Culture,Fermentation and Extraction,1935.0,-72.5,11.7,23.3,239.9,5.44,None,4°C Refrigerated,True,954.4,Janice Proctor,Standard Processing Equipment,Standard Laboratory Safety,Biohazard,Scene almost leave side miss.
EXP-0064-PROC-2,EXP-0064,Salinispora tropica,2024-09-28,2,Bacterial Culture,Fermentation and Extraction,1935.0,22.2,36.9,82.4,225.5,5.64,None,-20°C Freezer,True,4092.32,Mrs. Melanie Collins,Standard Processing Equipment,Standard Laboratory Safety,Incineration,City rock seat near business loss.
EXP-0065-PROC-1,EXP-0065,Halichondria okadai,2023-07-19,1,Sponge Tissue,Homogenization and Extraction,2650.0,-55.6,8.0,25.5,184.1,13.51,None,-20°C Freezer,True,781.54,Isaac Williams,Standard Processing Equipment,Standard Laboratory Safety,Incineration,Wind door its address some.
EXP-0065-PROC-2,EXP-0065,Halichondria okadai,2023-07-01,2,Sponge Tissue,Homogenization and Extraction,2650.0,-64.6,17.8,74.2,85.9,1.75,None,-80°C Ultra-low,True,2680.42,Jennifer Sanchez,Standard Processing Equipment,Standard Laboratory Safety,Chemical Waste,Ok real read.
EXP-0065-PROC-3,EXP-0065,Halichondria okadai,2023-07-23,3,Sponge Tissue,Homogenization and Extraction,2650.0,4.4,8.3,51.5,257.7,2.97,None,Liquid Nitrogen,True,3307.99,Randy Wright,Standard Processing Equipment,Standard Laboratory Safety,Biohazard,Before peace us young personal art popular.
EXP-0066-PROC-1,EXP-0066,Halichondria okadai,2025-05-18,1,Sponge Tissue,Homogenization and Extraction,1793.33,-71.4,23.1,29.5,413.0,1.23,None,-20°C Freezer,True,2383.73,Rebecca Martinez,Standard Processing Equipment,Standard Laboratory Safety,Biohazard,First next popular girl through.
EXP-0066-PROC-2,EXP-0066,Halichondria okadai,2025-05-24,2,Sponge Tissue,Homogenization and Extraction,1793.33,-19.7,32.7,67.2,432.5,6.35,None,4°C Refrigerated,True,2921.1,Alison Gray,Standard Processing Equipment,Standard Laboratory Safety,Chemical Waste,Economy always religious next.
EXP-0066-PROC-3,EXP-0066,Halichondria okadai,2025-05-18,3,Sponge Tissue,Homogenization and Extraction,1793.33,13.4,19.1,20.6,249.8,14.86,Low,Liquid Nitrogen,False,2716.56,Katherine Knight,Standard Processing Equipment,Standard Laboratory Safety,Biohazard,Girl run every story trial never attention.
EXP-0067-PROC-1,EXP-0067,Halichondria okadai,2023-07-05,1,Sponge Tissue,Homogenization and Extraction,4535.0,-42.1,41.6,37.5,170.8,9.13,None,4°C Refrigerated,True,3931.01,Edward Baker,Standard Processing Equipment,Standard Laboratory Safety,Incineration,Law simply media safe third people.
EXP-0067-PROC-2,EXP-0067,Halichondria okadai,2023-07-17,2,Sponge Tissue,Homogenization and Extraction,4535.0,19.9,10.1,50.4,293.9,9.84,None,4°C Refrigerated,True,3401.35,Manuel Flores,Standard Processing Equipment,Standard Laboratory Safety,Biohazard,Probably much hold model.
EXP-0068-PROC-1,EXP-0068,Phyllobates terribilis,2024-12-29,1,Skin Extract,Homogenization and Extraction,2983.33,-40.9,32.4,16.3,289.7,3.79,None,Liquid Nitrogen,True,1753.89,Mr. Louis Morris DDS,Standard Processing Equipment,"Level 3 Containment, Antivenom Available",Chemical Waste,Benefit probably analysis visit.
EXP-0068-PROC-2,EXP-0068,Phyllobates terribilis,2024-12-23,2,Skin Extract,Homogenization and Extraction,2983.33,6.7,15.1,79.2,485.3,11.47,None,4°C Refrigerated,True,1143.51,Andre Rodriguez,Standard Processing Equipment,"Level 3 Containment, Antivenom Available",Biohazard,Better number student price moment.
EXP-0068-PROC-3,EXP-0068,Phyllobates terribilis,2024-12-14,3,Skin Extract,Homogenization and Extraction,2983.33,-41.4,6.0,49.5,424.1,15.94,None,-80°C Ultra-low,True,1288.05,Dawn Diaz,Standard Processing Equipment,"Level 3 Containment, Antivenom Available",Biohazard,Responsibility actually TV pretty up story life police.
EXP-0069-PROC-1,EXP-0069,Phyllobates terribilis,2024-01-26,1,Skin Extract,Homogenization and Extraction,4420.0,-57.1,42.2,25.0,139.0,0.11,None,Liquid Nitrogen,True,4418.01,Patrick Zamora,Standard Processing Equipment,"Level 3 Containment, Antivenom Available",Incineration,Some around pay more same strong.
EXP-0069-PROC-2,EXP-0069,Phyllobates terribilis,2024-01-10,2,Skin Extract,Homogenization and Extraction,4420.0,-1.2,9.0,41.7,182.1,1.97,None,-80°C Ultra-low,True,2687.59,Daniel Stone,Standard Processing Equipment,"Level 3 Containment, Antivenom Available",Chemical Waste,Rise mother country moment.
EXP-0070-PROC-1,EXP-0070,Phyllobates terribilis,2025-06-09,1,Skin Extract,Homogenization and Extraction,6710.0,-49.4,11.5,24.1,455.1,9.41,Low,-80°C Ultra-low,True,2598.35,Mario White,Standard Processing Equipment,"Level 3 Containment, Antivenom Available",Chemical Waste,Indeed black police group learn professor third.
EXP-0071-PROC-1,EXP-0071,Halichondria okadai,2023-11-17,1,Sponge Tissue,Homogenization and Extraction,73.33,-28.8,21.8,52.8,499.8,15.41,None,4°C Refrigerated,True,2290.4,Christopher Morales,Standard Processing Equipment,Standard Laboratory Safety,Incineration,Price move outside value total nearly.
EXP-0071-PROC-2,EXP-0071,Halichondria okadai,2023-11-08,2,Sponge Tissue,Homogenization and Extraction,73.33,-76.8,11.4,32.2,260.2,12.34,Low,4°C Refrigerated,True,4597.73,Sarah Gutierrez DDS,Standard Processing Equipment,Standard Laboratory Safety,Biohazard,Part none degree she unit effect.
EXP-0071-PROC-3,EXP-0071,Halichondria okadai,2023-11-17,3,Sponge Tissue,Homogenization and Extraction,73.33,-74.7,3.6,49.1,224.7,16.8,None,-20°C Freezer,True,1223.06,Jillian Sanders,Standard Processing Equipment,Standard Laboratory Safety,Chemical Waste,Work other military.
EXP-0072-PROC-1,EXP-0072,Phyllobates terribilis,2023-10-04,1,Skin Extract,Homogenization and Extraction,7340.0,-55.1,4.3,63.0,64.7,12.21,None,4°C Refrigerated,True,1764.72,Elizabeth Evans MD,Standard Processing Equipment,"Level 3 Containment, Antivenom Available",Incineration,Against state ready every network news.
EXP-0073-PROC-1,EXP-0073,Bugula neritina,2026-02-28,1,Colony Material,Homogenization and Extraction,1605.0,4.2,20.0,65.1,71.5,15.48,None,-80°C Ultra-low,True,1566.2,Brittney Johnson,Standard Processing Equipment,Standard Laboratory Safety,Incineration,Choose enter threat economic eight feel.
EXP-0073-PROC-2,EXP-0073,Bugula neritina,2026-03-06,2,Colony Material,Homogenization and Extraction,1605.0,17.6,19.8,10.3,19.4,16.55,None,Liquid Nitrogen,True,2861.31,Laura Robinson,Standard Processing Equipment,Standard Laboratory Safety,Incineration,Rich society common stay.
EXP-0074-PROC-1,EXP-0074,Salinispora tropica,2023-08-17,1,Bacterial Culture,Fermentation and Extraction,2766.67,-43.8,3.4,81.9,337.3,18.67,None,Liquid Nitrogen,True,1694.73,Laura Velez,Standard Processing Equipment,Standard Laboratory Safety,Biohazard,Politics also space high sister two free they.
EXP-0074-PROC-2,EXP-0074,Salinispora tropica,2023-08-01,2,Bacterial Culture,Fermentation and Extraction,2766.67,-46.7,41.0,80.8,443.6,14.81,None,-80°C Ultra-low,True,1748.59,Timothy Martinez,Standard Processing Equipment,Standard Laboratory Safety,Biohazard,Section support up plant place.
EXP-0074-PROC-3,EXP-0074,Salinispora tropica,2023-08-06,3,Bacterial Culture,Fermentation and Extraction,2766.67,-78.9,34.9,61.5,315.1,19.8,None,Liquid Nitrogen,False,1903.46,Joseph Flores,Standard Processing Equipment,Standard Laboratory Safety,Biohazard,Change maybe determine anything rule hotel knowledge.
EXP-0075-PROC-1,EXP-0075,Bothrops jararaca,2025-04-27,1,Crude Venom,Lyophilization and Fractionation,2470.0,-33.5,14.0,32.5,418.9,18.72,None,-20°C Freezer,True,1335.8,Kathy Walker,"Venom Lyophilizer, Safety Hood","Level 3 Containment, Antivenom Available",Chemical Waste,Skill challenge from live seat.
EXP-0076-PROC-1,EXP-0076,Phyllobates terribilis,2023-07-07,1,Skin Extract,Homogenization and Extraction,1562.5,-73.5,6.2,18.0,301.7,3.09,None,Liquid Nitrogen,False,4856.34,Deborah Ross,Standard Processing Equipment,"Level 3 Containment, Antivenom Available",Incineration,Similar candidate care nice maintain present.
EXP-0076-PROC-2,EXP-0076,Phyllobates terribilis,2023-07-19,2,Skin Extract,Homogenization and Extraction,1562.5,-54.1,23.7,58.0,378.1,15.1,None,-20°C Freezer,True,3100.51,Luis Fitzgerald,Standard Processing Equipment,"Level 3 Containment, Antivenom Available",Chemical Waste,Drug entire involve range office.
EXP-0076-PROC-3,EXP-0076,Phyllobates terribilis,2023-07-16,3,Skin Extract,Homogenization and Extraction,1562.5,-0.5,4.6,5.6,114.1,13.3,Low,-80°C Ultra-low,True,2350.39,Jason Diaz,Standard Processing Equipment,"Level 3 Containment, Antivenom Available",Chemical Waste,Fly order agency fight write.
EXP-0076-PROC-4,EXP-0076,Phyllobates terribilis,2023-07-15,4,Skin Extract,Homogenization and Extraction,1562.5,14.0,43.8,30.1,348.6,5.51,None,Liquid Nitrogen,True,1357.74,Wanda Ramos,Standard Processing Equipment,"Level 3 Containment, Antivenom Available",Chemical Waste,Key under do rate.
EXP-0077-PROC-1,EXP-0077,Bothrops jararaca,2025-04-21,1,Crude Venom,Lyophilization and Fractionation,1350.0,-34.9,40.2,14.6,370.1,10.68,None,4°C Refrigerated,True,1795.75,Nicholas Miller,"Venom Lyophilizer, Safety Hood","Level 3 Containment, Antivenom Available",Biohazard,Drug per challenge.
EXP-0078-PROC-1,EXP-0078,Phyllobates terribilis,2024-06-18,1,Skin Extract,Homogenization and Extraction,2142.5,-17.4,22.0,18.2,67.1,10.98,None,-20°C Freezer,True,4560.86,Donna Cooper,Standard Processing Equipment,"Level 3 Containment, Antivenom Available",Chemical Waste,Figure likely forward science.
EXP-0078-PROC-2,EXP-0078,Phyllobates terribilis,2024-06-07,2,Skin Extract,Homogenization and Extraction,2142.5,-10.8,44.9,70.7,287.6,13.17,None,4°C Refrigerated,True,4542.74,Joshua Christensen,Standard Processing Equipment,"Level 3 Containment, Antivenom Available",Incineration,Low role center recognize adult on professional.
EXP-0078-PROC-3,EXP-0078,Phyllobates terribilis,2024-07-02,3,Skin Extract,Homogenization and Extraction,2142.5,-78.9,40.0,69.1,61.2,11.58,None,4°C Refrigerated,True,2587.92,Christopher Campbell,Standard Processing Equipment,"Level 3 Containment, Antivenom Available",Biohazard,Even let war at produce production tree growth.
EXP-0078-PROC-4,EXP-0078,Phyllobates terribilis,2024-06-16,4,Skin Extract,Homogenization and Extraction,2142.5,-57.5,5.1,52.6,372.0,0.75,None,4°C Refrigerated,False,3464.23,Eduardo Ware,Standard Processing Equipment,"Level 3 Containment, Antivenom Available",Biohazard,Discuss herself with between firm term.
EXP-0079-PROC-1,EXP-0079,Bothrops jararaca,2024-09-02,1,Crude Venom,Lyophilization and Fractionation,5180.0,-61.9,28.1,28.7,469.8,16.39,None,Liquid Nitrogen,True,4926.05,Charlotte Mason,"Venom Lyophilizer, Safety Hood","Level 3 Containment, Antivenom Available",Biohazard,Night Republican always two figure majority season.
EXP-0080-PROC-1,EXP-0080,Phyllobates terribilis,2025-10-04,1,Skin Extract,Homogenization and Extraction,4695.0,-34.7,18.0,9.0,35.9,13.87,None,-80°C Ultra-low,False,2560.68,Michael Kelly,Standard Processing Equipment,"Level 3 Containment, Antivenom Available",Biohazard,Door within may speech personal.
EXP-0080-PROC-2,EXP-0080,Phyllobates terribilis,2025-10-09,2,Skin Extract,Homogenization and Extraction,4695.0,-53.4,28.6,33.7,413.5,16.43,None,4°C Refrigerated,True,2648.08,Stefanie Briggs,Standard Processing Equipment,"Level 3 Containment, Antivenom Available",Biohazard,Want we difficult.
